<Method id="" name="Spatial_Clip">
    <Description>
   Invoke data processing methods in the form of exe files.
    </Description>
    <Dependency>
        <Item name="os" url=""/>
        <Item name="sys" url=""/>
        <Item name="aermap.exe"  url="https://www.epa.gov/scram/air-quality-dispersion-modeling-related-model-support-programs#aermap" description="AERMAP processes commercially available Digital Elevation Data and creates a file suitable for use within an AERMOD control file."/>

    </Dependency>
    <Input count="1">
        <Item name="aermap_AK-MixedDEM_CrossUTM.inp" type="path" description="original dem file"/>

    </Input>
    <Parameter count="0">
       
    </Parameter>
    <Output count="1">
        <Item name="aermap_AK-MixedDEM_CrossUTM_30.out" type="path" description="processing result"/>
    </Output>
</Method>